ID,Name,Age,City,Country,Email
1,John Smith,28,New York,USA,john.smith@example.com
2,Emma Johnson,34,London,UK,emma.johnson@example.com
3,Liam Brown,25,Toronto,Canada,liam.brown@example.com
4,Olivia Davis,31,Sydney,Australia,olivia.davis@example.com
5,Noah Wilson,29,Dubai,UAE,noah.wilson@example.com
6,Ava Martinez,27,Madrid,Spain,ava.martinez@example.com
7,William Anderson,40,Berlin,Germany,william.anderson@example.com
8,Sophia Thomas,22,Paris,France,sophia.thomas@example.com
9,James Taylor,36,Rome,Italy,james.taylor@example.com
10,Isabella Moore,30,Tokyo,Japan,isabella.moore@example.com
11,Benjamin Jackson,26,Singapore,Singapore,benjamin.jackson@example.com
12,Mia White,33,Amsterdam,Netherlands,mia.white@example.com
13,Lucas Harris,24,Zurich,Switzerland,lucas.harris@example.com
14,Charlotte Martin,38,Stockholm,Sweden,charlotte.martin@example.com
15,Henry Thompson,35,Oslo,Norway,henry.thompson@example.com
16,Amelia Garcia,21,Brussels,Belgium,amelia.garcia@example.com
17,Alexander Martinez,32,Vienna,Austria,alexander.martinez@example.com
18,Evelyn Robinson,29,Copenhagen,Denmark,evelyn.robinson@example.com
19,Michael Clark,41,Helsinki,Finland,michael.clark@example.com
20,Harper Rodriguez,23,Dublin,Ireland,harper.rodriguez@example.com
21,Daniel Lewis,37,Prague,Czech Republic,daniel.lewis@example.com
22,Abigail Lee,28,Warsaw,Poland,abigail.lee@example.com
23,Matthew Walker,31,Budapest,Hungary,matthew.walker@example.com
24,Emily Hall,26,Athens,Greece,emily.hall@example.com
25,Joseph Allen,39,Lisbon,Portugal,joseph.allen@example.com
26,Elizabeth Young,27,Seoul,South Korea,elizabeth.young@example.com
27,David Hernandez,34,Bangkok,Thailand,david.hernandez@example.com
28,Sofia King,22,Kuala Lumpur,Malaysia,sofia.king@example.com
29,Christopher Wright,30,Jakarta,Indonesia,christopher.wright@example.com
30,Avery Lopez,25,Manila,Philippines,avery.lopez@example.com
31,Andrew Hill,42,Cairo,Egypt,andrew.hill@example.com
32,Ella Scott,24,Nairobi,Kenya,ella.scott@example.com
33,Joshua Green,36,Cape Town,South Africa,joshua.green@example.com
34,Scarlett Adams,29,Lagos,Nigeria,scarlett.adams@example.com
35,Ryan Baker,33,Mexico City,Mexico,ryan.baker@example.com
36,Grace Nelson,27,Sao Paulo,Brazil,grace.nelson@example.com
37,Nathan Carter,38,Buenos Aires,Argentina,nathan.carter@example.com
38,Chloe Mitchell,21,Santiago,Chile,chloe.mitchell@example.com
39,Samuel Perez,35,Lima,Peru,samuel.perez@example.com
40,Victoria Roberts,28,Bogota,Colombia,victoria.roberts@example.com
41,Gabriel Turner,31,Auckland,New Zealand,gabriel.turner@example.com
42,Lily Phillips,26,Mumbai,India,lily.phillips@example.com
43,Anthony Campbell,40,Delhi,India,anthony.campbell@example.com
44,Hannah Parker,23,Bangalore,India,hannah.parker@example.com
45,Dylan Evans,37,Chennai,India,dylan.evans@example.com
46,Zoey Edwards,29,Hyderabad,India,zoey.edwards@example.com
47,Isaac Collins,32,Pune,India,isaac.collins@example.com
48,Nora Stewart,25,Kolkata,India,nora.stewart@example.com
49,Julian Sanchez,34,Ahmedabad,India,julian.sanchez@example.com
50,Aria Morris,28,Surat,India,aria.morris@example.com